image_path,label,label_name,split
E:\AniVision\data\datasets\onepiece\train\lufei\0.png,0,蒙奇·D·路飞,train
E:\AniVision\data\datasets\onepiece\train\lufei\10.png,0,蒙奇·D·路飞,train
E:\AniVision\data\datasets\onepiece\train\lufei\100.png,0,蒙奇·D·路飞,train
E:\AniVision\data\datasets\onepiece\train\lufei\101.png,0,蒙奇·D·路飞,train
E:\AniVision\data\datasets\onepiece\train\lufei\102.png,0,蒙奇·D·路飞,train
E:\AniVision\data\datasets\onepiece\train\lufei\103.png,0,蒙奇·D·路飞,train
E:\AniVision\data\datasets\onepiece\train\lufei\104.png,0,蒙奇·D·路飞,train
E:\AniVision\data\datasets\onepiece\train\lufei\106.png,0,蒙奇·D·路飞,train
E:\AniVision\data\datasets\onepiece\train\lufei\109.png,0,蒙奇·D·路飞,train
E:\AniVision\data\datasets\onepiece\train\lufei\11.png,0,蒙奇·D·路飞,train
E:\AniVision\data\datasets\onepiece\train\lufei\114.png,0,蒙奇·D·路飞,train
E:\AniVision\data\datasets\onepiece\train\lufei\115.png,0,蒙奇·D·路飞,train
E:\AniVision\data\datasets\onepiece\train\lufei\116.png,0,蒙奇·D·路飞,train
E:\AniVision\data\datasets\onepiece\train\lufei\13.png,0,蒙奇·D·路飞,train
E:\AniVision\data\datasets\onepiece\train\lufei\14.png,0,蒙奇·D·路飞,train
E:\AniVision\data\datasets\onepiece\train\lufei\15.png,0,蒙奇·D·路飞,train
E:\AniVision\data\datasets\onepiece\train\lufei\17.png,0,蒙奇·D·路飞,train
E:\AniVision\data\datasets\onepiece\train\lufei\18.png,0,蒙奇·D·路飞,train
E:\AniVision\data\datasets\onepiece\train\lufei\2.png,0,蒙奇·D·路飞,train
E:\AniVision\data\datasets\onepiece\train\lufei\21.png,0,蒙奇·D·路飞,train
E:\AniVision\data\datasets\onepiece\train\lufei\22.png,0,蒙奇·D·路飞,train
E:\AniVision\data\datasets\onepiece\train\lufei\23.png,0,蒙奇·D·路飞,train
E:\AniVision\data\datasets\onepiece\train\lufei\24.png,0,蒙奇·D·路飞,train
E:\AniVision\data\datasets\onepiece\train\lufei\26.png,0,蒙奇·D·路飞,train
E:\AniVision\data\datasets\onepiece\train\lufei\27.png,0,蒙奇·D·路飞,train
E:\AniVision\data\datasets\onepiece\train\lufei\28.png,0,蒙奇·D·路飞,train
E:\AniVision\data\datasets\onepiece\train\lufei\29.png,0,蒙奇·D·路飞,train
E:\AniVision\data\datasets\onepiece\train\lufei\31.png,0,蒙奇·D·路飞,train
E:\AniVision\data\datasets\onepiece\train\lufei\33.png,0,蒙奇·D·路飞,train
E:\AniVision\data\datasets\onepiece\train\lufei\34.png,0,蒙奇·D·路飞,train
E:\AniVision\data\datasets\onepiece\train\lufei\35.png,0,蒙奇·D·路飞,train
E:\AniVision\data\datasets\onepiece\train\lufei\37.png,0,蒙奇·D·路飞,train
E:\AniVision\data\datasets\onepiece\train\lufei\38.png,0,蒙奇·D·路飞,train
E:\AniVision\data\datasets\onepiece\train\lufei\4.png,0,蒙奇·D·路飞,train
E:\AniVision\data\datasets\onepiece\train\lufei\40.png,0,蒙奇·D·路飞,train
E:\AniVision\data\datasets\onepiece\train\lufei\41.png,0,蒙奇·D·路飞,train
E:\AniVision\data\datasets\onepiece\train\lufei\44.png,0,蒙奇·D·路飞,train
E:\AniVision\data\datasets\onepiece\train\lufei\45.png,0,蒙奇·D·路飞,train
E:\AniVision\data\datasets\onepiece\train\lufei\47.png,0,蒙奇·D·路飞,train
E:\AniVision\data\datasets\onepiece\train\lufei\49.png,0,蒙奇·D·路飞,train
E:\AniVision\data\datasets\onepiece\train\lufei\5.png,0,蒙奇·D·路飞,train
E:\AniVision\data\datasets\onepiece\train\lufei\50.png,0,蒙奇·D·路飞,train
E:\AniVision\data\datasets\onepiece\train\lufei\51.png,0,蒙奇·D·路飞,train
E:\AniVision\data\datasets\onepiece\train\lufei\53.png,0,蒙奇·D·路飞,train
E:\AniVision\data\datasets\onepiece\train\lufei\54.png,0,蒙奇·D·路飞,train
E:\AniVision\data\datasets\onepiece\train\lufei\57.png,0,蒙奇·D·路飞,train
E:\AniVision\data\datasets\onepiece\train\lufei\58.png,0,蒙奇·D·路飞,train
E:\AniVision\data\datasets\onepiece\train\lufei\59.png,0,蒙奇·D·路飞,train
E:\AniVision\data\datasets\onepiece\train\lufei\6.png,0,蒙奇·D·路飞,train
E:\AniVision\data\datasets\onepiece\train\lufei\60.png,0,蒙奇·D·路飞,train
E:\AniVision\data\datasets\onepiece\train\lufei\61.png,0,蒙奇·D·路飞,train
E:\AniVision\data\datasets\onepiece\train\lufei\63.png,0,蒙奇·D·路飞,train
E:\AniVision\data\datasets\onepiece\train\lufei\64.png,0,蒙奇·D·路飞,train
E:\AniVision\data\datasets\onepiece\train\lufei\65.png,0,蒙奇·D·路飞,train
E:\AniVision\data\datasets\onepiece\train\lufei\66.png,0,蒙奇·D·路飞,train
E:\AniVision\data\datasets\onepiece\train\lufei\67.png,0,蒙奇·D·路飞,train
E:\AniVision\data\datasets\onepiece\train\lufei\68.png,0,蒙奇·D·路飞,train
E:\AniVision\data\datasets\onepiece\train\lufei\69.png,0,蒙奇·D·路飞,train
E:\AniVision\data\datasets\onepiece\train\lufei\72.png,0,蒙奇·D·路飞,train
E:\AniVision\data\datasets\onepiece\train\lufei\74.png,0,蒙奇·D·路飞,train
E:\AniVision\data\datasets\onepiece\train\lufei\75.png,0,蒙奇·D·路飞,train
E:\AniVision\data\datasets\onepiece\train\lufei\76.png,0,蒙奇·D·路飞,train
E:\AniVision\data\datasets\onepiece\train\lufei\77.png,0,蒙奇·D·路飞,train
E:\AniVision\data\datasets\onepiece\train\lufei\78.png,0,蒙奇·D·路飞,train
E:\AniVision\data\datasets\onepiece\train\lufei\8.png,0,蒙奇·D·路飞,train
E:\AniVision\data\datasets\onepiece\train\lufei\80.png,0,蒙奇·D·路飞,train
E:\AniVision\data\datasets\onepiece\train\lufei\81.png,0,蒙奇·D·路飞,train
E:\AniVision\data\datasets\onepiece\train\lufei\82.png,0,蒙奇·D·路飞,train
E:\AniVision\data\datasets\onepiece\train\lufei\84.png,0,蒙奇·D·路飞,train
E:\AniVision\data\datasets\onepiece\train\lufei\85.png,0,蒙奇·D·路飞,train
E:\AniVision\data\datasets\onepiece\train\lufei\86.png,0,蒙奇·D·路飞,train
E:\AniVision\data\datasets\onepiece\train\lufei\9.png,0,蒙奇·D·路飞,train
E:\AniVision\data\datasets\onepiece\train\lufei\91.png,0,蒙奇·D·路飞,train
E:\AniVision\data\datasets\onepiece\train\lufei\92.png,0,蒙奇·D·路飞,train
E:\AniVision\data\datasets\onepiece\train\lufei\93.png,0,蒙奇·D·路飞,train
E:\AniVision\data\datasets\onepiece\train\lufei\94.png,0,蒙奇·D·路飞,train
E:\AniVision\data\datasets\onepiece\train\lufei\95.png,0,蒙奇·D·路飞,train
E:\AniVision\data\datasets\onepiece\train\lufei\96.png,0,蒙奇·D·路飞,train
E:\AniVision\data\datasets\onepiece\train\lufei\97.png,0,蒙奇·D·路飞,train
E:\AniVision\data\datasets\onepiece\train\lufei\98.png,0,蒙奇·D·路飞,train
E:\AniVision\data\datasets\onepiece\train\lufei\99.png,0,蒙奇·D·路飞,train
E:\AniVision\data\datasets\onepiece\train\luobin\10.png,1,妮可·罗宾,train
E:\AniVision\data\datasets\onepiece\train\luobin\100.png,1,妮可·罗宾,train
E:\AniVision\data\datasets\onepiece\train\luobin\102.png,1,妮可·罗宾,train
E:\AniVision\data\datasets\onepiece\train\luobin\104.png,1,妮可·罗宾,train
E:\AniVision\data\datasets\onepiece\train\luobin\11.png,1,妮可·罗宾,train
E:\AniVision\data\datasets\onepiece\train\luobin\12.png,1,妮可·罗宾,train
E:\AniVision\data\datasets\onepiece\train\luobin\16.png,1,妮可·罗宾,train
E:\AniVision\data\datasets\onepiece\train\luobin\17.png,1,妮可·罗宾,train
E:\AniVision\data\datasets\onepiece\train\luobin\18.png,1,妮可·罗宾,train
E:\AniVision\data\datasets\onepiece\train\luobin\19.png,1,妮可·罗宾,train
E:\AniVision\data\datasets\onepiece\train\luobin\2.png,1,妮可·罗宾,train
E:\AniVision\data\datasets\onepiece\train\luobin\21.png,1,妮可·罗宾,train
E:\AniVision\data\datasets\onepiece\train\luobin\22.png,1,妮可·罗宾,train
E:\AniVision\data\datasets\onepiece\train\luobin\23.png,1,妮可·罗宾,train
E:\AniVision\data\datasets\onepiece\train\luobin\24.png,1,妮可·罗宾,train
E:\AniVision\data\datasets\onepiece\train\luobin\26.png,1,妮可·罗宾,train
E:\AniVision\data\datasets\onepiece\train\luobin\27.png,1,妮可·罗宾,train
E:\AniVision\data\datasets\onepiece\train\luobin\29.png,1,妮可·罗宾,train
E:\AniVision\data\datasets\onepiece\train\luobin\3.png,1,妮可·罗宾,train
E:\AniVision\data\datasets\onepiece\train\luobin\34.png,1,妮可·罗宾,train
E:\AniVision\data\datasets\onepiece\train\luobin\37.png,1,妮可·罗宾,train
E:\AniVision\data\datasets\onepiece\train\luobin\38.png,1,妮可·罗宾,train
E:\AniVision\data\datasets\onepiece\train\luobin\39.png,1,妮可·罗宾,train
E:\AniVision\data\datasets\onepiece\train\luobin\4.png,1,妮可·罗宾,train
E:\AniVision\data\datasets\onepiece\train\luobin\40.png,1,妮可·罗宾,train
E:\AniVision\data\datasets\onepiece\train\luobin\43.png,1,妮可·罗宾,train
E:\AniVision\data\datasets\onepiece\train\luobin\45.png,1,妮可·罗宾,train
E:\AniVision\data\datasets\onepiece\train\luobin\46.png,1,妮可·罗宾,train
E:\AniVision\data\datasets\onepiece\train\luobin\47.png,1,妮可·罗宾,train
E:\AniVision\data\datasets\onepiece\train\luobin\48.png,1,妮可·罗宾,train
E:\AniVision\data\datasets\onepiece\train\luobin\49.png,1,妮可·罗宾,train
E:\AniVision\data\datasets\onepiece\train\luobin\5.png,1,妮可·罗宾,train
E:\AniVision\data\datasets\onepiece\train\luobin\50.png,1,妮可·罗宾,train
E:\AniVision\data\datasets\onepiece\train\luobin\51.png,1,妮可·罗宾,train
E:\AniVision\data\datasets\onepiece\train\luobin\52.png,1,妮可·罗宾,train
E:\AniVision\data\datasets\onepiece\train\luobin\54.png,1,妮可·罗宾,train
E:\AniVision\data\datasets\onepiece\train\luobin\56.png,1,妮可·罗宾,train
E:\AniVision\data\datasets\onepiece\train\luobin\57.png,1,妮可·罗宾,train
E:\AniVision\data\datasets\onepiece\train\luobin\58.png,1,妮可·罗宾,train
E:\AniVision\data\datasets\onepiece\train\luobin\6.png,1,妮可·罗宾,train
E:\AniVision\data\datasets\onepiece\train\luobin\61.png,1,妮可·罗宾,train
E:\AniVision\data\datasets\onepiece\train\luobin\64.png,1,妮可·罗宾,train
E:\AniVision\data\datasets\onepiece\train\luobin\65.png,1,妮可·罗宾,train
E:\AniVision\data\datasets\onepiece\train\luobin\67.png,1,妮可·罗宾,train
E:\AniVision\data\datasets\onepiece\train\luobin\68.png,1,妮可·罗宾,train
E:\AniVision\data\datasets\onepiece\train\luobin\69.png,1,妮可·罗宾,train
E:\AniVision\data\datasets\onepiece\train\luobin\7.png,1,妮可·罗宾,train
E:\AniVision\data\datasets\onepiece\train\luobin\70.png,1,妮可·罗宾,train
E:\AniVision\data\datasets\onepiece\train\luobin\71.png,1,妮可·罗宾,train
E:\AniVision\data\datasets\onepiece\train\luobin\72.png,1,妮可·罗宾,train
E:\AniVision\data\datasets\onepiece\train\luobin\74.png,1,妮可·罗宾,train
E:\AniVision\data\datasets\onepiece\train\luobin\75.png,1,妮可·罗宾,train
E:\AniVision\data\datasets\onepiece\train\luobin\76.png,1,妮可·罗宾,train
E:\AniVision\data\datasets\onepiece\train\luobin\77.png,1,妮可·罗宾,train
E:\AniVision\data\datasets\onepiece\train\luobin\78.png,1,妮可·罗宾,train
E:\AniVision\data\datasets\onepiece\train\luobin\8.png,1,妮可·罗宾,train
E:\AniVision\data\datasets\onepiece\train\luobin\80.png,1,妮可·罗宾,train
E:\AniVision\data\datasets\onepiece\train\luobin\81.png,1,妮可·罗宾,train
E:\AniVision\data\datasets\onepiece\train\luobin\82.png,1,妮可·罗宾,train
E:\AniVision\data\datasets\onepiece\train\luobin\83.png,1,妮可·罗宾,train
E:\AniVision\data\datasets\onepiece\train\luobin\84.png,1,妮可·罗宾,train
E:\AniVision\data\datasets\onepiece\train\luobin\85.png,1,妮可·罗宾,train
E:\AniVision\data\datasets\onepiece\train\luobin\86.png,1,妮可·罗宾,train
E:\AniVision\data\datasets\onepiece\train\luobin\89.png,1,妮可·罗宾,train
E:\AniVision\data\datasets\onepiece\train\luobin\9.png,1,妮可·罗宾,train
E:\AniVision\data\datasets\onepiece\train\luobin\90.png,1,妮可·罗宾,train
E:\AniVision\data\datasets\onepiece\train\luobin\91.png,1,妮可·罗宾,train
E:\AniVision\data\datasets\onepiece\train\luobin\92.png,1,妮可·罗宾,train
E:\AniVision\data\datasets\onepiece\train\luobin\93.png,1,妮可·罗宾,train
E:\AniVision\data\datasets\onepiece\train\luobin\94.png,1,妮可·罗宾,train
E:\AniVision\data\datasets\onepiece\train\luobin\96.png,1,妮可·罗宾,train
E:\AniVision\data\datasets\onepiece\train\luobin\97.png,1,妮可·罗宾,train
E:\AniVision\data\datasets\onepiece\train\luobin\98.png,1,妮可·罗宾,train
E:\AniVision\data\datasets\onepiece\train\namei\0.png,2,娜美,train
E:\AniVision\data\datasets\onepiece\train\namei\1.png,2,娜美,train
E:\AniVision\data\datasets\onepiece\train\namei\13.png,2,娜美,train
E:\AniVision\data\datasets\onepiece\train\namei\14.png,2,娜美,train
E:\AniVision\data\datasets\onepiece\train\namei\15.png,2,娜美,train
E:\AniVision\data\datasets\onepiece\train\namei\16.png,2,娜美,train
E:\AniVision\data\datasets\onepiece\train\namei\18.png,2,娜美,train
E:\AniVision\data\datasets\onepiece\train\namei\19.png,2,娜美,train
E:\AniVision\data\datasets\onepiece\train\namei\20.png,2,娜美,train
E:\AniVision\data\datasets\onepiece\train\namei\21.png,2,娜美,train
E:\AniVision\data\datasets\onepiece\train\namei\22.png,2,娜美,train
E:\AniVision\data\datasets\onepiece\train\namei\24.png,2,娜美,train
E:\AniVision\data\datasets\onepiece\train\namei\25.png,2,娜美,train
E:\AniVision\data\datasets\onepiece\train\namei\26.png,2,娜美,train
E:\AniVision\data\datasets\onepiece\train\namei\28.png,2,娜美,train
E:\AniVision\data\datasets\onepiece\train\namei\29.png,2,娜美,train
E:\AniVision\data\datasets\onepiece\train\namei\3.png,2,娜美,train
E:\AniVision\data\datasets\onepiece\train\namei\31.png,2,娜美,train
E:\AniVision\data\datasets\onepiece\train\namei\32.png,2,娜美,train
E:\AniVision\data\datasets\onepiece\train\namei\38.png,2,娜美,train
E:\AniVision\data\datasets\onepiece\train\namei\4.png,2,娜美,train
E:\AniVision\data\datasets\onepiece\train\namei\40.png,2,娜美,train
E:\AniVision\data\datasets\onepiece\train\namei\41.png,2,娜美,train
E:\AniVision\data\datasets\onepiece\train\namei\43.png,2,娜美,train
E:\AniVision\data\datasets\onepiece\train\namei\44.png,2,娜美,train
E:\AniVision\data\datasets\onepiece\train\namei\46.png,2,娜美,train
E:\AniVision\data\datasets\onepiece\train\namei\47.png,2,娜美,train
E:\AniVision\data\datasets\onepiece\train\namei\48.png,2,娜美,train
E:\AniVision\data\datasets\onepiece\train\namei\49.png,2,娜美,train
E:\AniVision\data\datasets\onepiece\train\namei\5.png,2,娜美,train
E:\AniVision\data\datasets\onepiece\train\namei\50.png,2,娜美,train
E:\AniVision\data\datasets\onepiece\train\namei\51.png,2,娜美,train
E:\AniVision\data\datasets\onepiece\train\namei\52.png,2,娜美,train
E:\AniVision\data\datasets\onepiece\train\namei\53.png,2,娜美,train
E:\AniVision\data\datasets\onepiece\train\namei\57.png,2,娜美,train
E:\AniVision\data\datasets\onepiece\train\namei\58.png,2,娜美,train
E:\AniVision\data\datasets\onepiece\train\namei\59.png,2,娜美,train
E:\AniVision\data\datasets\onepiece\train\namei\6.png,2,娜美,train
E:\AniVision\data\datasets\onepiece\train\namei\60.png,2,娜美,train
E:\AniVision\data\datasets\onepiece\train\namei\62.png,2,娜美,train
E:\AniVision\data\datasets\onepiece\train\namei\63.png,2,娜美,train
E:\AniVision\data\datasets\onepiece\train\namei\64.png,2,娜美,train
E:\AniVision\data\datasets\onepiece\train\namei\65.png,2,娜美,train
E:\AniVision\data\datasets\onepiece\train\namei\67.png,2,娜美,train
E:\AniVision\data\datasets\onepiece\train\namei\68.png,2,娜美,train
E:\AniVision\data\datasets\onepiece\train\namei\69.png,2,娜美,train
E:\AniVision\data\datasets\onepiece\train\namei\70.png,2,娜美,train
E:\AniVision\data\datasets\onepiece\train\namei\72.png,2,娜美,train
E:\AniVision\data\datasets\onepiece\train\namei\75.png,2,娜美,train
E:\AniVision\data\datasets\onepiece\train\namei\76.png,2,娜美,train
E:\AniVision\data\datasets\onepiece\train\namei\77.png,2,娜美,train
E:\AniVision\data\datasets\onepiece\train\namei\78.png,2,娜美,train
E:\AniVision\data\datasets\onepiece\train\namei\79.png,2,娜美,train
E:\AniVision\data\datasets\onepiece\train\namei\80.png,2,娜美,train
E:\AniVision\data\datasets\onepiece\train\namei\81.png,2,娜美,train
E:\AniVision\data\datasets\onepiece\train\namei\82.png,2,娜美,train
E:\AniVision\data\datasets\onepiece\train\namei\83.png,2,娜美,train
E:\AniVision\data\datasets\onepiece\train\namei\9.png,2,娜美,train
E:\AniVision\data\datasets\onepiece\train\qiaoba\100.png,3,托尼托尼·乔巴,train
E:\AniVision\data\datasets\onepiece\train\qiaoba\101.png,3,托尼托尼·乔巴,train
E:\AniVision\data\datasets\onepiece\train\qiaoba\11.png,3,托尼托尼·乔巴,train
E:\AniVision\data\datasets\onepiece\train\qiaoba\13.png,3,托尼托尼·乔巴,train
E:\AniVision\data\datasets\onepiece\train\qiaoba\16.png,3,托尼托尼·乔巴,train
E:\AniVision\data\datasets\onepiece\train\qiaoba\18.png,3,托尼托尼·乔巴,train
E:\AniVision\data\datasets\onepiece\train\qiaoba\19.png,3,托尼托尼·乔巴,train
E:\AniVision\data\datasets\onepiece\train\qiaoba\2.png,3,托尼托尼·乔巴,train
E:\AniVision\data\datasets\onepiece\train\qiaoba\20.png,3,托尼托尼·乔巴,train
E:\AniVision\data\datasets\onepiece\train\qiaoba\21.png,3,托尼托尼·乔巴,train
E:\AniVision\data\datasets\onepiece\train\qiaoba\22.png,3,托尼托尼·乔巴,train
E:\AniVision\data\datasets\onepiece\train\qiaoba\24.png,3,托尼托尼·乔巴,train
E:\AniVision\data\datasets\onepiece\train\qiaoba\25.png,3,托尼托尼·乔巴,train
E:\AniVision\data\datasets\onepiece\train\qiaoba\26.png,3,托尼托尼·乔巴,train
E:\AniVision\data\datasets\onepiece\train\qiaoba\28.png,3,托尼托尼·乔巴,train
E:\AniVision\data\datasets\onepiece\train\qiaoba\29.png,3,托尼托尼·乔巴,train
E:\AniVision\data\datasets\onepiece\train\qiaoba\3.png,3,托尼托尼·乔巴,train
E:\AniVision\data\datasets\onepiece\train\qiaoba\30.png,3,托尼托尼·乔巴,train
E:\AniVision\data\datasets\onepiece\train\qiaoba\31.png,3,托尼托尼·乔巴,train
E:\AniVision\data\datasets\onepiece\train\qiaoba\32.png,3,托尼托尼·乔巴,train
E:\AniVision\data\datasets\onepiece\train\qiaoba\33.png,3,托尼托尼·乔巴,train
E:\AniVision\data\datasets\onepiece\train\qiaoba\34.png,3,托尼托尼·乔巴,train
E:\AniVision\data\datasets\onepiece\train\qiaoba\35.png,3,托尼托尼·乔巴,train
E:\AniVision\data\datasets\onepiece\train\qiaoba\36.png,3,托尼托尼·乔巴,train
E:\AniVision\data\datasets\onepiece\train\qiaoba\37.png,3,托尼托尼·乔巴,train
E:\AniVision\data\datasets\onepiece\train\qiaoba\39.png,3,托尼托尼·乔巴,train
E:\AniVision\data\datasets\onepiece\train\qiaoba\4.png,3,托尼托尼·乔巴,train
E:\AniVision\data\datasets\onepiece\train\qiaoba\40.png,3,托尼托尼·乔巴,train
E:\AniVision\data\datasets\onepiece\train\qiaoba\41.png,3,托尼托尼·乔巴,train
E:\AniVision\data\datasets\onepiece\train\qiaoba\42.png,3,托尼托尼·乔巴,train
E:\AniVision\data\datasets\onepiece\train\qiaoba\43.png,3,托尼托尼·乔巴,train
E:\AniVision\data\datasets\onepiece\train\qiaoba\44.png,3,托尼托尼·乔巴,train
E:\AniVision\data\datasets\onepiece\train\qiaoba\45.png,3,托尼托尼·乔巴,train
E:\AniVision\data\datasets\onepiece\train\qiaoba\47.png,3,托尼托尼·乔巴,train
E:\AniVision\data\datasets\onepiece\train\qiaoba\49.png,3,托尼托尼·乔巴,train
E:\AniVision\data\datasets\onepiece\train\qiaoba\5.png,3,托尼托尼·乔巴,train
E:\AniVision\data\datasets\onepiece\train\qiaoba\51.png,3,托尼托尼·乔巴,train
E:\AniVision\data\datasets\onepiece\train\qiaoba\52.png,3,托尼托尼·乔巴,train
E:\AniVision\data\datasets\onepiece\train\qiaoba\53.png,3,托尼托尼·乔巴,train
E:\AniVision\data\datasets\onepiece\train\qiaoba\55.png,3,托尼托尼·乔巴,train
E:\AniVision\data\datasets\onepiece\train\qiaoba\57.png,3,托尼托尼·乔巴,train
E:\AniVision\data\datasets\onepiece\train\qiaoba\58.png,3,托尼托尼·乔巴,train
E:\AniVision\data\datasets\onepiece\train\qiaoba\59.png,3,托尼托尼·乔巴,train
E:\AniVision\data\datasets\onepiece\train\qiaoba\6.png,3,托尼托尼·乔巴,train
E:\AniVision\data\datasets\onepiece\train\qiaoba\60.png,3,托尼托尼·乔巴,train
E:\AniVision\data\datasets\onepiece\train\qiaoba\61.png,3,托尼托尼·乔巴,train
E:\AniVision\data\datasets\onepiece\train\qiaoba\62.png,3,托尼托尼·乔巴,train
E:\AniVision\data\datasets\onepiece\train\qiaoba\63.png,3,托尼托尼·乔巴,train
E:\AniVision\data\datasets\onepiece\train\qiaoba\65.png,3,托尼托尼·乔巴,train
E:\AniVision\data\datasets\onepiece\train\qiaoba\67.png,3,托尼托尼·乔巴,train
E:\AniVision\data\datasets\onepiece\train\qiaoba\68.png,3,托尼托尼·乔巴,train
E:\AniVision\data\datasets\onepiece\train\qiaoba\69.png,3,托尼托尼·乔巴,train
E:\AniVision\data\datasets\onepiece\train\qiaoba\71.png,3,托尼托尼·乔巴,train
E:\AniVision\data\datasets\onepiece\train\qiaoba\72.png,3,托尼托尼·乔巴,train
E:\AniVision\data\datasets\onepiece\train\qiaoba\73.png,3,托尼托尼·乔巴,train
E:\AniVision\data\datasets\onepiece\train\qiaoba\74.png,3,托尼托尼·乔巴,train
E:\AniVision\data\datasets\onepiece\train\qiaoba\78.png,3,托尼托尼·乔巴,train
E:\AniVision\data\datasets\onepiece\train\qiaoba\8.png,3,托尼托尼·乔巴,train
E:\AniVision\data\datasets\onepiece\train\qiaoba\82.png,3,托尼托尼·乔巴,train
E:\AniVision\data\datasets\onepiece\train\qiaoba\84.png,3,托尼托尼·乔巴,train
E:\AniVision\data\datasets\onepiece\train\qiaoba\85.png,3,托尼托尼·乔巴,train
E:\AniVision\data\datasets\onepiece\train\qiaoba\86.png,3,托尼托尼·乔巴,train
E:\AniVision\data\datasets\onepiece\train\qiaoba\87.png,3,托尼托尼·乔巴,train
E:\AniVision\data\datasets\onepiece\train\qiaoba\88.png,3,托尼托尼·乔巴,train
E:\AniVision\data\datasets\onepiece\train\qiaoba\9.png,3,托尼托尼·乔巴,train
E:\AniVision\data\datasets\onepiece\train\qiaoba\90.png,3,托尼托尼·乔巴,train
E:\AniVision\data\datasets\onepiece\train\qiaoba\92.png,3,托尼托尼·乔巴,train
E:\AniVision\data\datasets\onepiece\train\qiaoba\93.png,3,托尼托尼·乔巴,train
E:\AniVision\data\datasets\onepiece\train\qiaoba\94.png,3,托尼托尼·乔巴,train
E:\AniVision\data\datasets\onepiece\train\qiaoba\98.png,3,托尼托尼·乔巴,train
E:\AniVision\data\datasets\onepiece\train\qiaoba\99.png,3,托尼托尼·乔巴,train
E:\AniVision\data\datasets\onepiece\train\shanzhi\0.png,4,山治,train
E:\AniVision\data\datasets\onepiece\train\shanzhi\1.png,4,山治,train
E:\AniVision\data\datasets\onepiece\train\shanzhi\10.png,4,山治,train
E:\AniVision\data\datasets\onepiece\train\shanzhi\12.png,4,山治,train
E:\AniVision\data\datasets\onepiece\train\shanzhi\13.png,4,山治,train
E:\AniVision\data\datasets\onepiece\train\shanzhi\15.png,4,山治,train
E:\AniVision\data\datasets\onepiece\train\shanzhi\16.png,4,山治,train
E:\AniVision\data\datasets\onepiece\train\shanzhi\17.png,4,山治,train
E:\AniVision\data\datasets\onepiece\train\shanzhi\18.png,4,山治,train
E:\AniVision\data\datasets\onepiece\train\shanzhi\20.png,4,山治,train
E:\AniVision\data\datasets\onepiece\train\shanzhi\21.png,4,山治,train
E:\AniVision\data\datasets\onepiece\train\shanzhi\22.png,4,山治,train
E:\AniVision\data\datasets\onepiece\train\shanzhi\23.png,4,山治,train
E:\AniVision\data\datasets\onepiece\train\shanzhi\24.png,4,山治,train
E:\AniVision\data\datasets\onepiece\train\shanzhi\25.png,4,山治,train
E:\AniVision\data\datasets\onepiece\train\shanzhi\27.png,4,山治,train
E:\AniVision\data\datasets\onepiece\train\shanzhi\29.png,4,山治,train
E:\AniVision\data\datasets\onepiece\train\shanzhi\3.png,4,山治,train
E:\AniVision\data\datasets\onepiece\train\shanzhi\31.png,4,山治,train
E:\AniVision\data\datasets\onepiece\train\shanzhi\32.png,4,山治,train
E:\AniVision\data\datasets\onepiece\train\shanzhi\33.png,4,山治,train
E:\AniVision\data\datasets\onepiece\train\shanzhi\36.png,4,山治,train
E:\AniVision\data\datasets\onepiece\train\shanzhi\37.png,4,山治,train
E:\AniVision\data\datasets\onepiece\train\shanzhi\38.png,4,山治,train
E:\AniVision\data\datasets\onepiece\train\shanzhi\39.png,4,山治,train
E:\AniVision\data\datasets\onepiece\train\shanzhi\40.png,4,山治,train
E:\AniVision\data\datasets\onepiece\train\shanzhi\42.png,4,山治,train
E:\AniVision\data\datasets\onepiece\train\shanzhi\43.png,4,山治,train
E:\AniVision\data\datasets\onepiece\train\shanzhi\45.png,4,山治,train
E:\AniVision\data\datasets\onepiece\train\shanzhi\46.png,4,山治,train
E:\AniVision\data\datasets\onepiece\train\shanzhi\5.png,4,山治,train
E:\AniVision\data\datasets\onepiece\train\shanzhi\9.png,4,山治,train
E:\AniVision\data\datasets\onepiece\train\suolong\10.png,5,罗罗诺亚·索隆,train
E:\AniVision\data\datasets\onepiece\train\suolong\11.png,5,罗罗诺亚·索隆,train
E:\AniVision\data\datasets\onepiece\train\suolong\13.png,5,罗罗诺亚·索隆,train
E:\AniVision\data\datasets\onepiece\train\suolong\15.png,5,罗罗诺亚·索隆,train
E:\AniVision\data\datasets\onepiece\train\suolong\19.png,5,罗罗诺亚·索隆,train
E:\AniVision\data\datasets\onepiece\train\suolong\2.png,5,罗罗诺亚·索隆,train
E:\AniVision\data\datasets\onepiece\train\suolong\20.png,5,罗罗诺亚·索隆,train
E:\AniVision\data\datasets\onepiece\train\suolong\22.png,5,罗罗诺亚·索隆,train
E:\AniVision\data\datasets\onepiece\train\suolong\26.png,5,罗罗诺亚·索隆,train
E:\AniVision\data\datasets\onepiece\train\suolong\3.png,5,罗罗诺亚·索隆,train
E:\AniVision\data\datasets\onepiece\train\suolong\30.png,5,罗罗诺亚·索隆,train
E:\AniVision\data\datasets\onepiece\train\suolong\31.png,5,罗罗诺亚·索隆,train
E:\AniVision\data\datasets\onepiece\train\suolong\32.png,5,罗罗诺亚·索隆,train
E:\AniVision\data\datasets\onepiece\train\suolong\33.png,5,罗罗诺亚·索隆,train
E:\AniVision\data\datasets\onepiece\train\suolong\34.png,5,罗罗诺亚·索隆,train
E:\AniVision\data\datasets\onepiece\train\suolong\35.png,5,罗罗诺亚·索隆,train
E:\AniVision\data\datasets\onepiece\train\suolong\36.png,5,罗罗诺亚·索隆,train
E:\AniVision\data\datasets\onepiece\train\suolong\38.png,5,罗罗诺亚·索隆,train
E:\AniVision\data\datasets\onepiece\train\suolong\39.png,5,罗罗诺亚·索隆,train
E:\AniVision\data\datasets\onepiece\train\suolong\4.png,5,罗罗诺亚·索隆,train
E:\AniVision\data\datasets\onepiece\train\suolong\40.png,5,罗罗诺亚·索隆,train
E:\AniVision\data\datasets\onepiece\train\suolong\41.png,5,罗罗诺亚·索隆,train
E:\AniVision\data\datasets\onepiece\train\suolong\42.png,5,罗罗诺亚·索隆,train
E:\AniVision\data\datasets\onepiece\train\suolong\43.png,5,罗罗诺亚·索隆,train
E:\AniVision\data\datasets\onepiece\train\suolong\44.png,5,罗罗诺亚·索隆,train
E:\AniVision\data\datasets\onepiece\train\suolong\47.png,5,罗罗诺亚·索隆,train
E:\AniVision\data\datasets\onepiece\train\suolong\48.png,5,罗罗诺亚·索隆,train
E:\AniVision\data\datasets\onepiece\train\suolong\49.png,5,罗罗诺亚·索隆,train
E:\AniVision\data\datasets\onepiece\train\suolong\5.png,5,罗罗诺亚·索隆,train
E:\AniVision\data\datasets\onepiece\train\suolong\51.png,5,罗罗诺亚·索隆,train
E:\AniVision\data\datasets\onepiece\train\suolong\52.png,5,罗罗诺亚·索隆,train
E:\AniVision\data\datasets\onepiece\train\suolong\54.png,5,罗罗诺亚·索隆,train
E:\AniVision\data\datasets\onepiece\train\suolong\55.png,5,罗罗诺亚·索隆,train
E:\AniVision\data\datasets\onepiece\train\suolong\56.png,5,罗罗诺亚·索隆,train
E:\AniVision\data\datasets\onepiece\train\suolong\57.png,5,罗罗诺亚·索隆,train
E:\AniVision\data\datasets\onepiece\train\suolong\58.png,5,罗罗诺亚·索隆,train
E:\AniVision\data\datasets\onepiece\train\suolong\59.png,5,罗罗诺亚·索隆,train
E:\AniVision\data\datasets\onepiece\train\suolong\6.png,5,罗罗诺亚·索隆,train
E:\AniVision\data\datasets\onepiece\train\suolong\60.png,5,罗罗诺亚·索隆,train
E:\AniVision\data\datasets\onepiece\train\suolong\61.png,5,罗罗诺亚·索隆,train
E:\AniVision\data\datasets\onepiece\train\suolong\62.png,5,罗罗诺亚·索隆,train
E:\AniVision\data\datasets\onepiece\train\suolong\64.png,5,罗罗诺亚·索隆,train
E:\AniVision\data\datasets\onepiece\train\suolong\65.png,5,罗罗诺亚·索隆,train
E:\AniVision\data\datasets\onepiece\train\suolong\66.png,5,罗罗诺亚·索隆,train
E:\AniVision\data\datasets\onepiece\train\suolong\67.png,5,罗罗诺亚·索隆,train
E:\AniVision\data\datasets\onepiece\train\suolong\68.png,5,罗罗诺亚·索隆,train
E:\AniVision\data\datasets\onepiece\train\suolong\7.png,5,罗罗诺亚·索隆,train
E:\AniVision\data\datasets\onepiece\train\suolong\73.png,5,罗罗诺亚·索隆,train
E:\AniVision\data\datasets\onepiece\train\suolong\74.png,5,罗罗诺亚·索隆,train
E:\AniVision\data\datasets\onepiece\train\suolong\76.png,5,罗罗诺亚·索隆,train
E:\AniVision\data\datasets\onepiece\train\suolong\77.png,5,罗罗诺亚·索隆,train
E:\AniVision\data\datasets\onepiece\train\suolong\78.png,5,罗罗诺亚·索隆,train
E:\AniVision\data\datasets\onepiece\train\suolong\79.png,5,罗罗诺亚·索隆,train
E:\AniVision\data\datasets\onepiece\train\suolong\8.png,5,罗罗诺亚·索隆,train
E:\AniVision\data\datasets\onepiece\train\suolong\80.png,5,罗罗诺亚·索隆,train
E:\AniVision\data\datasets\onepiece\train\suolong\82.png,5,罗罗诺亚·索隆,train
E:\AniVision\data\datasets\onepiece\train\suolong\83.png,5,罗罗诺亚·索隆,train
E:\AniVision\data\datasets\onepiece\train\suolong\85.png,5,罗罗诺亚·索隆,train
E:\AniVision\data\datasets\onepiece\train\suolong\86.png,5,罗罗诺亚·索隆,train
E:\AniVision\data\datasets\onepiece\train\suolong\87.png,5,罗罗诺亚·索隆,train
E:\AniVision\data\datasets\onepiece\train\suolong\88.png,5,罗罗诺亚·索隆,train
E:\AniVision\data\datasets\onepiece\train\suolong\9.png,5,罗罗诺亚·索隆,train
E:\AniVision\data\datasets\onepiece\train\wusuopu\1.png,6,乌索普,train
E:\AniVision\data\datasets\onepiece\train\wusuopu\10.png,6,乌索普,train
E:\AniVision\data\datasets\onepiece\train\wusuopu\11.png,6,乌索普,train
E:\AniVision\data\datasets\onepiece\train\wusuopu\12.png,6,乌索普,train
E:\AniVision\data\datasets\onepiece\train\wusuopu\13.png,6,乌索普,train
E:\AniVision\data\datasets\onepiece\train\wusuopu\14.png,6,乌索普,train
E:\AniVision\data\datasets\onepiece\train\wusuopu\15.png,6,乌索普,train
E:\AniVision\data\datasets\onepiece\train\wusuopu\17.png,6,乌索普,train
E:\AniVision\data\datasets\onepiece\train\wusuopu\18.png,6,乌索普,train
E:\AniVision\data\datasets\onepiece\train\wusuopu\19.png,6,乌索普,train
E:\AniVision\data\datasets\onepiece\train\wusuopu\21.png,6,乌索普,train
E:\AniVision\data\datasets\onepiece\train\wusuopu\22.png,6,乌索普,train
E:\AniVision\data\datasets\onepiece\train\wusuopu\23.png,6,乌索普,train
E:\AniVision\data\datasets\onepiece\train\wusuopu\24.png,6,乌索普,train
E:\AniVision\data\datasets\onepiece\train\wusuopu\25.png,6,乌索普,train
E:\AniVision\data\datasets\onepiece\train\wusuopu\31.png,6,乌索普,train
E:\AniVision\data\datasets\onepiece\train\wusuopu\34.png,6,乌索普,train
E:\AniVision\data\datasets\onepiece\train\wusuopu\36.png,6,乌索普,train
E:\AniVision\data\datasets\onepiece\train\wusuopu\37.png,6,乌索普,train
E:\AniVision\data\datasets\onepiece\train\wusuopu\38.png,6,乌索普,train
E:\AniVision\data\datasets\onepiece\train\wusuopu\39.png,6,乌索普,train
E:\AniVision\data\datasets\onepiece\train\wusuopu\4.png,6,乌索普,train
E:\AniVision\data\datasets\onepiece\train\wusuopu\40.png,6,乌索普,train
E:\AniVision\data\datasets\onepiece\train\wusuopu\43.png,6,乌索普,train
E:\AniVision\data\datasets\onepiece\train\wusuopu\44.png,6,乌索普,train
E:\AniVision\data\datasets\onepiece\train\wusuopu\46.png,6,乌索普,train
E:\AniVision\data\datasets\onepiece\train\wusuopu\47.png,6,乌索普,train
E:\AniVision\data\datasets\onepiece\train\wusuopu\48.png,6,乌索普,train
E:\AniVision\data\datasets\onepiece\train\wusuopu\49.png,6,乌索普,train
E:\AniVision\data\datasets\onepiece\train\wusuopu\5.png,6,乌索普,train
E:\AniVision\data\datasets\onepiece\train\wusuopu\50.png,6,乌索普,train
E:\AniVision\data\datasets\onepiece\train\wusuopu\52.png,6,乌索普,train
E:\AniVision\data\datasets\onepiece\train\wusuopu\55.png,6,乌索普,train
E:\AniVision\data\datasets\onepiece\train\wusuopu\56.png,6,乌索普,train
E:\AniVision\data\datasets\onepiece\train\wusuopu\57.png,6,乌索普,train
E:\AniVision\data\datasets\onepiece\train\wusuopu\58.png,6,乌索普,train
E:\AniVision\data\datasets\onepiece\train\wusuopu\6.png,6,乌索普,train
E:\AniVision\data\datasets\onepiece\train\wusuopu\60.png,6,乌索普,train
E:\AniVision\data\datasets\onepiece\train\wusuopu\61.png,6,乌索普,train
E:\AniVision\data\datasets\onepiece\train\wusuopu\62.png,6,乌索普,train
E:\AniVision\data\datasets\onepiece\train\wusuopu\64.png,6,乌索普,train
E:\AniVision\data\datasets\onepiece\train\wusuopu\65.png,6,乌索普,train
E:\AniVision\data\datasets\onepiece\train\wusuopu\67.png,6,乌索普,train
E:\AniVision\data\datasets\onepiece\train\wusuopu\68.png,6,乌索普,train
E:\AniVision\data\datasets\onepiece\train\wusuopu\69.png,6,乌索普,train
E:\AniVision\data\datasets\onepiece\train\wusuopu\7.png,6,乌索普,train
E:\AniVision\data\datasets\onepiece\train\wusuopu\70.png,6,乌索普,train
E:\AniVision\data\datasets\onepiece\train\wusuopu\71.png,6,乌索普,train
E:\AniVision\data\datasets\onepiece\train\wusuopu\72.png,6,乌索普,train
E:\AniVision\data\datasets\onepiece\train\wusuopu\73.png,6,乌索普,train
E:\AniVision\data\datasets\onepiece\train\wusuopu\74.png,6,乌索普,train
E:\AniVision\data\datasets\onepiece\train\wusuopu\76.png,6,乌索普,train
E:\AniVision\data\datasets\onepiece\train\wusuopu\9.png,6,乌索普,train
E:\AniVision\data\datasets\onepiece\val\lufei\1.png,0,蒙奇·D·路飞,val
E:\AniVision\data\datasets\onepiece\val\lufei\105.png,0,蒙奇·D·路飞,val
E:\AniVision\data\datasets\onepiece\val\lufei\107.png,0,蒙奇·D·路飞,val
E:\AniVision\data\datasets\onepiece\val\lufei\108.png,0,蒙奇·D·路飞,val
E:\AniVision\data\datasets\onepiece\val\lufei\112.png,0,蒙奇·D·路飞,val
E:\AniVision\data\datasets\onepiece\val\lufei\113.png,0,蒙奇·D·路飞,val
E:\AniVision\data\datasets\onepiece\val\lufei\16.png,0,蒙奇·D·路飞,val
E:\AniVision\data\datasets\onepiece\val\lufei\30.png,0,蒙奇·D·路飞,val
E:\AniVision\data\datasets\onepiece\val\lufei\32.png,0,蒙奇·D·路飞,val
E:\AniVision\data\datasets\onepiece\val\lufei\42.png,0,蒙奇·D·路飞,val
E:\AniVision\data\datasets\onepiece\val\lufei\55.png,0,蒙奇·D·路飞,val
E:\AniVision\data\datasets\onepiece\val\lufei\62.png,0,蒙奇·D·路飞,val
E:\AniVision\data\datasets\onepiece\val\lufei\70.png,0,蒙奇·D·路飞,val
E:\AniVision\data\datasets\onepiece\val\lufei\73.png,0,蒙奇·D·路飞,val
E:\AniVision\data\datasets\onepiece\val\lufei\79.png,0,蒙奇·D·路飞,val
E:\AniVision\data\datasets\onepiece\val\lufei\83.png,0,蒙奇·D·路飞,val
E:\AniVision\data\datasets\onepiece\val\lufei\89.png,0,蒙奇·D·路飞,val
E:\AniVision\data\datasets\onepiece\val\luobin\1.png,1,妮可·罗宾,val
E:\AniVision\data\datasets\onepiece\val\luobin\15.png,1,妮可·罗宾,val
E:\AniVision\data\datasets\onepiece\val\luobin\20.png,1,妮可·罗宾,val
E:\AniVision\data\datasets\onepiece\val\luobin\30.png,1,妮可·罗宾,val
E:\AniVision\data\datasets\onepiece\val\luobin\31.png,1,妮可·罗宾,val
E:\AniVision\data\datasets\onepiece\val\luobin\33.png,1,妮可·罗宾,val
E:\AniVision\data\datasets\onepiece\val\luobin\35.png,1,妮可·罗宾,val
E:\AniVision\data\datasets\onepiece\val\luobin\53.png,1,妮可·罗宾,val
E:\AniVision\data\datasets\onepiece\val\luobin\59.png,1,妮可·罗宾,val
E:\AniVision\data\datasets\onepiece\val\luobin\60.png,1,妮可·罗宾,val
E:\AniVision\data\datasets\onepiece\val\luobin\73.png,1,妮可·罗宾,val
E:\AniVision\data\datasets\onepiece\val\luobin\79.png,1,妮可·罗宾,val
E:\AniVision\data\datasets\onepiece\val\luobin\87.png,1,妮可·罗宾,val
E:\AniVision\data\datasets\onepiece\val\luobin\88.png,1,妮可·罗宾,val
E:\AniVision\data\datasets\onepiece\val\luobin\99.png,1,妮可·罗宾,val
E:\AniVision\data\datasets\onepiece\val\namei\10.png,2,娜美,val
E:\AniVision\data\datasets\onepiece\val\namei\11.png,2,娜美,val
E:\AniVision\data\datasets\onepiece\val\namei\12.png,2,娜美,val
E:\AniVision\data\datasets\onepiece\val\namei\23.png,2,娜美,val
E:\AniVision\data\datasets\onepiece\val\namei\33.png,2,娜美,val
E:\AniVision\data\datasets\onepiece\val\namei\39.png,2,娜美,val
E:\AniVision\data\datasets\onepiece\val\namei\42.png,2,娜美,val
E:\AniVision\data\datasets\onepiece\val\namei\45.png,2,娜美,val
E:\AniVision\data\datasets\onepiece\val\namei\55.png,2,娜美,val
E:\AniVision\data\datasets\onepiece\val\namei\61.png,2,娜美,val
E:\AniVision\data\datasets\onepiece\val\namei\71.png,2,娜美,val
E:\AniVision\data\datasets\onepiece\val\namei\74.png,2,娜美,val
E:\AniVision\data\datasets\onepiece\val\qiaoba\1.png,3,托尼托尼·乔巴,val
E:\AniVision\data\datasets\onepiece\val\qiaoba\10.png,3,托尼托尼·乔巴,val
E:\AniVision\data\datasets\onepiece\val\qiaoba\15.png,3,托尼托尼·乔巴,val
E:\AniVision\data\datasets\onepiece\val\qiaoba\23.png,3,托尼托尼·乔巴,val
E:\AniVision\data\datasets\onepiece\val\qiaoba\38.png,3,托尼托尼·乔巴,val
E:\AniVision\data\datasets\onepiece\val\qiaoba\46.png,3,托尼托尼·乔巴,val
E:\AniVision\data\datasets\onepiece\val\qiaoba\50.png,3,托尼托尼·乔巴,val
E:\AniVision\data\datasets\onepiece\val\qiaoba\54.png,3,托尼托尼·乔巴,val
E:\AniVision\data\datasets\onepiece\val\qiaoba\64.png,3,托尼托尼·乔巴,val
E:\AniVision\data\datasets\onepiece\val\qiaoba\7.png,3,托尼托尼·乔巴,val
E:\AniVision\data\datasets\onepiece\val\qiaoba\70.png,3,托尼托尼·乔巴,val
E:\AniVision\data\datasets\onepiece\val\qiaoba\76.png,3,托尼托尼·乔巴,val
E:\AniVision\data\datasets\onepiece\val\qiaoba\79.png,3,托尼托尼·乔巴,val
E:\AniVision\data\datasets\onepiece\val\qiaoba\81.png,3,托尼托尼·乔巴,val
E:\AniVision\data\datasets\onepiece\val\qiaoba\97.png,3,托尼托尼·乔巴,val
E:\AniVision\data\datasets\onepiece\val\shanzhi\11.png,4,山治,val
E:\AniVision\data\datasets\onepiece\val\shanzhi\14.png,4,山治,val
E:\AniVision\data\datasets\onepiece\val\shanzhi\19.png,4,山治,val
E:\AniVision\data\datasets\onepiece\val\shanzhi\2.png,4,山治,val
E:\AniVision\data\datasets\onepiece\val\shanzhi\26.png,4,山治,val
E:\AniVision\data\datasets\onepiece\val\shanzhi\4.png,4,山治,val
E:\AniVision\data\datasets\onepiece\val\shanzhi\7.png,4,山治,val
E:\AniVision\data\datasets\onepiece\val\suolong\16.png,5,罗罗诺亚·索隆,val
E:\AniVision\data\datasets\onepiece\val\suolong\17.png,5,罗罗诺亚·索隆,val
E:\AniVision\data\datasets\onepiece\val\suolong\23.png,5,罗罗诺亚·索隆,val
E:\AniVision\data\datasets\onepiece\val\suolong\24.png,5,罗罗诺亚·索隆,val
E:\AniVision\data\datasets\onepiece\val\suolong\25.png,5,罗罗诺亚·索隆,val
E:\AniVision\data\datasets\onepiece\val\suolong\28.png,5,罗罗诺亚·索隆,val
E:\AniVision\data\datasets\onepiece\val\suolong\29.png,5,罗罗诺亚·索隆,val
E:\AniVision\data\datasets\onepiece\val\suolong\45.png,5,罗罗诺亚·索隆,val
E:\AniVision\data\datasets\onepiece\val\suolong\50.png,5,罗罗诺亚·索隆,val
E:\AniVision\data\datasets\onepiece\val\suolong\69.png,5,罗罗诺亚·索隆,val
E:\AniVision\data\datasets\onepiece\val\suolong\70.png,5,罗罗诺亚·索隆,val
E:\AniVision\data\datasets\onepiece\val\suolong\71.png,5,罗罗诺亚·索隆,val
E:\AniVision\data\datasets\onepiece\val\suolong\72.png,5,罗罗诺亚·索隆,val
E:\AniVision\data\datasets\onepiece\val\wusuopu\0.png,6,乌索普,val
E:\AniVision\data\datasets\onepiece\val\wusuopu\20.png,6,乌索普,val
E:\AniVision\data\datasets\onepiece\val\wusuopu\26.png,6,乌索普,val
E:\AniVision\data\datasets\onepiece\val\wusuopu\28.png,6,乌索普,val
E:\AniVision\data\datasets\onepiece\val\wusuopu\29.png,6,乌索普,val
E:\AniVision\data\datasets\onepiece\val\wusuopu\30.png,6,乌索普,val
E:\AniVision\data\datasets\onepiece\val\wusuopu\32.png,6,乌索普,val
E:\AniVision\data\datasets\onepiece\val\wusuopu\35.png,6,乌索普,val
E:\AniVision\data\datasets\onepiece\val\wusuopu\45.png,6,乌索普,val
E:\AniVision\data\datasets\onepiece\val\wusuopu\63.png,6,乌索普,val
E:\AniVision\data\datasets\onepiece\val\wusuopu\66.png,6,乌索普,val
E:\AniVision\data\datasets\onepiece\test\lufei\110.png,0,蒙奇·D·路飞,test
E:\AniVision\data\datasets\onepiece\test\lufei\111.png,0,蒙奇·D·路飞,test
E:\AniVision\data\datasets\onepiece\test\lufei\12.png,0,蒙奇·D·路飞,test
E:\AniVision\data\datasets\onepiece\test\lufei\19.png,0,蒙奇·D·路飞,test
E:\AniVision\data\datasets\onepiece\test\lufei\20.png,0,蒙奇·D·路飞,test
E:\AniVision\data\datasets\onepiece\test\lufei\25.png,0,蒙奇·D·路飞,test
E:\AniVision\data\datasets\onepiece\test\lufei\3.png,0,蒙奇·D·路飞,test
E:\AniVision\data\datasets\onepiece\test\lufei\36.png,0,蒙奇·D·路飞,test
E:\AniVision\data\datasets\onepiece\test\lufei\39.png,0,蒙奇·D·路飞,test
E:\AniVision\data\datasets\onepiece\test\lufei\43.png,0,蒙奇·D·路飞,test
E:\AniVision\data\datasets\onepiece\test\lufei\46.png,0,蒙奇·D·路飞,test
E:\AniVision\data\datasets\onepiece\test\lufei\48.png,0,蒙奇·D·路飞,test
E:\AniVision\data\datasets\onepiece\test\lufei\52.png,0,蒙奇·D·路飞,test
E:\AniVision\data\datasets\onepiece\test\lufei\56.png,0,蒙奇·D·路飞,test
E:\AniVision\data\datasets\onepiece\test\lufei\7.png,0,蒙奇·D·路飞,test
E:\AniVision\data\datasets\onepiece\test\lufei\71.png,0,蒙奇·D·路飞,test
E:\AniVision\data\datasets\onepiece\test\lufei\88.png,0,蒙奇·D·路飞,test
E:\AniVision\data\datasets\onepiece\test\lufei\90.png,0,蒙奇·D·路飞,test
E:\AniVision\data\datasets\onepiece\test\luobin\0.png,1,妮可·罗宾,test
E:\AniVision\data\datasets\onepiece\test\luobin\101.png,1,妮可·罗宾,test
E:\AniVision\data\datasets\onepiece\test\luobin\103.png,1,妮可·罗宾,test
E:\AniVision\data\datasets\onepiece\test\luobin\13.png,1,妮可·罗宾,test
E:\AniVision\data\datasets\onepiece\test\luobin\14.png,1,妮可·罗宾,test
E:\AniVision\data\datasets\onepiece\test\luobin\25.png,1,妮可·罗宾,test
E:\AniVision\data\datasets\onepiece\test\luobin\28.png,1,妮可·罗宾,test
E:\AniVision\data\datasets\onepiece\test\luobin\32.png,1,妮可·罗宾,test
E:\AniVision\data\datasets\onepiece\test\luobin\36.png,1,妮可·罗宾,test
E:\AniVision\data\datasets\onepiece\test\luobin\41.png,1,妮可·罗宾,test
E:\AniVision\data\datasets\onepiece\test\luobin\42.png,1,妮可·罗宾,test
E:\AniVision\data\datasets\onepiece\test\luobin\44.png,1,妮可·罗宾,test
E:\AniVision\data\datasets\onepiece\test\luobin\55.png,1,妮可·罗宾,test
E:\AniVision\data\datasets\onepiece\test\luobin\62.png,1,妮可·罗宾,test
E:\AniVision\data\datasets\onepiece\test\luobin\63.png,1,妮可·罗宾,test
E:\AniVision\data\datasets\onepiece\test\luobin\66.png,1,妮可·罗宾,test
E:\AniVision\data\datasets\onepiece\test\luobin\95.png,1,妮可·罗宾,test
E:\AniVision\data\datasets\onepiece\test\namei\17.png,2,娜美,test
E:\AniVision\data\datasets\onepiece\test\namei\2.png,2,娜美,test
E:\AniVision\data\datasets\onepiece\test\namei\27.png,2,娜美,test
E:\AniVision\data\datasets\onepiece\test\namei\30.png,2,娜美,test
E:\AniVision\data\datasets\onepiece\test\namei\34.png,2,娜美,test
E:\AniVision\data\datasets\onepiece\test\namei\35.png,2,娜美,test
E:\AniVision\data\datasets\onepiece\test\namei\36.png,2,娜美,test
E:\AniVision\data\datasets\onepiece\test\namei\37.png,2,娜美,test
E:\AniVision\data\datasets\onepiece\test\namei\54.png,2,娜美,test
E:\AniVision\data\datasets\onepiece\test\namei\56.png,2,娜美,test
E:\AniVision\data\datasets\onepiece\test\namei\66.png,2,娜美,test
E:\AniVision\data\datasets\onepiece\test\namei\7.png,2,娜美,test
E:\AniVision\data\datasets\onepiece\test\namei\73.png,2,娜美,test
E:\AniVision\data\datasets\onepiece\test\namei\8.png,2,娜美,test
E:\AniVision\data\datasets\onepiece\test\qiaoba\0.png,3,托尼托尼·乔巴,test
E:\AniVision\data\datasets\onepiece\test\qiaoba\12.png,3,托尼托尼·乔巴,test
E:\AniVision\data\datasets\onepiece\test\qiaoba\14.png,3,托尼托尼·乔巴,test
E:\AniVision\data\datasets\onepiece\test\qiaoba\17.png,3,托尼托尼·乔巴,test
E:\AniVision\data\datasets\onepiece\test\qiaoba\27.png,3,托尼托尼·乔巴,test
E:\AniVision\data\datasets\onepiece\test\qiaoba\48.png,3,托尼托尼·乔巴,test
E:\AniVision\data\datasets\onepiece\test\qiaoba\56.png,3,托尼托尼·乔巴,test
E:\AniVision\data\datasets\onepiece\test\qiaoba\66.png,3,托尼托尼·乔巴,test
E:\AniVision\data\datasets\onepiece\test\qiaoba\75.png,3,托尼托尼·乔巴,test
E:\AniVision\data\datasets\onepiece\test\qiaoba\77.png,3,托尼托尼·乔巴,test
E:\AniVision\data\datasets\onepiece\test\qiaoba\80.png,3,托尼托尼·乔巴,test
E:\AniVision\data\datasets\onepiece\test\qiaoba\83.png,3,托尼托尼·乔巴,test
E:\AniVision\data\datasets\onepiece\test\qiaoba\89.png,3,托尼托尼·乔巴,test
E:\AniVision\data\datasets\onepiece\test\qiaoba\91.png,3,托尼托尼·乔巴,test
E:\AniVision\data\datasets\onepiece\test\qiaoba\95.png,3,托尼托尼·乔巴,test
E:\AniVision\data\datasets\onepiece\test\qiaoba\96.png,3,托尼托尼·乔巴,test
E:\AniVision\data\datasets\onepiece\test\shanzhi\28.png,4,山治,test
E:\AniVision\data\datasets\onepiece\test\shanzhi\30.png,4,山治,test
E:\AniVision\data\datasets\onepiece\test\shanzhi\34.png,4,山治,test
E:\AniVision\data\datasets\onepiece\test\shanzhi\35.png,4,山治,test
E:\AniVision\data\datasets\onepiece\test\shanzhi\41.png,4,山治,test
E:\AniVision\data\datasets\onepiece\test\shanzhi\44.png,4,山治,test
E:\AniVision\data\datasets\onepiece\test\shanzhi\6.png,4,山治,test
E:\AniVision\data\datasets\onepiece\test\shanzhi\8.png,4,山治,test
E:\AniVision\data\datasets\onepiece\test\suolong\0.png,5,罗罗诺亚·索隆,test
E:\AniVision\data\datasets\onepiece\test\suolong\1.png,5,罗罗诺亚·索隆,test
E:\AniVision\data\datasets\onepiece\test\suolong\12.png,5,罗罗诺亚·索隆,test
E:\AniVision\data\datasets\onepiece\test\suolong\14.png,5,罗罗诺亚·索隆,test
E:\AniVision\data\datasets\onepiece\test\suolong\18.png,5,罗罗诺亚·索隆,test
E:\AniVision\data\datasets\onepiece\test\suolong\21.png,5,罗罗诺亚·索隆,test
E:\AniVision\data\datasets\onepiece\test\suolong\27.png,5,罗罗诺亚·索隆,test
E:\AniVision\data\datasets\onepiece\test\suolong\37.png,5,罗罗诺亚·索隆,test
E:\AniVision\data\datasets\onepiece\test\suolong\46.png,5,罗罗诺亚·索隆,test
E:\AniVision\data\datasets\onepiece\test\suolong\53.png,5,罗罗诺亚·索隆,test
E:\AniVision\data\datasets\onepiece\test\suolong\63.png,5,罗罗诺亚·索隆,test
E:\AniVision\data\datasets\onepiece\test\suolong\75.png,5,罗罗诺亚·索隆,test
E:\AniVision\data\datasets\onepiece\test\suolong\81.png,5,罗罗诺亚·索隆,test
E:\AniVision\data\datasets\onepiece\test\suolong\84.png,5,罗罗诺亚·索隆,test
E:\AniVision\data\datasets\onepiece\test\suolong\89.png,5,罗罗诺亚·索隆,test
E:\AniVision\data\datasets\onepiece\test\wusuopu\16.png,6,乌索普,test
E:\AniVision\data\datasets\onepiece\test\wusuopu\2.png,6,乌索普,test
E:\AniVision\data\datasets\onepiece\test\wusuopu\27.png,6,乌索普,test
E:\AniVision\data\datasets\onepiece\test\wusuopu\3.png,6,乌索普,test
E:\AniVision\data\datasets\onepiece\test\wusuopu\33.png,6,乌索普,test
E:\AniVision\data\datasets\onepiece\test\wusuopu\41.png,6,乌索普,test
E:\AniVision\data\datasets\onepiece\test\wusuopu\42.png,6,乌索普,test
E:\AniVision\data\datasets\onepiece\test\wusuopu\51.png,6,乌索普,test
E:\AniVision\data\datasets\onepiece\test\wusuopu\53.png,6,乌索普,test
E:\AniVision\data\datasets\onepiece\test\wusuopu\54.png,6,乌索普,test
E:\AniVision\data\datasets\onepiece\test\wusuopu\59.png,6,乌索普,test
E:\AniVision\data\datasets\onepiece\test\wusuopu\75.png,6,乌索普,test
E:\AniVision\data\datasets\onepiece\test\wusuopu\8.png,6,乌索普,test
